{
  "buildDate": "2025-08-15T20:06:07.343Z",
  "buildSizeBytes": 94137,
  "buildSizeMB": "0.09",
  "chromeWebStoreReady": true,
  "files": [
    "icons",
    "manifest.json",
    "README.md",
    "src",
    "icons\\icon-source.svg",
    "icons\\icon128.png",
    "icons\\icon16.png",
    "icons\\icon32.png",
    "icons\\icon48.png",
    "src\\background",
    "src\\content",
    "src\\dashboard",
    "src\\popup",
    "src\\shared",
    "src\\background\\background.js",
    "src\\content\\content.css",
    "src\\content\\content.js",
    "src\\dashboard\\dashboard.html",
    "src\\dashboard\\dashboard.js",
    "src\\popup\\popup.html",
    "src\\popup\\popup.js",
    "src\\shared\\connection-manager.js",
    "src\\shared\\error-handler.js",
    "src\\shared\\fallback-storage.js",
    "src\\shared\\index.js"
  ]
}